{"1.0": 3.64095690650721, "0.9": 3.5184492410503965, "0.8": 3.393522159945615, "0.7": 3.2659503538230608, "0.6": 3.1354715107049764, "0.5": 3.0017774197047054, "0.4": 2.8645022087095424, "0.3": 2.7232065461969945, "0.2": 2.577356059664392, "0.1": 2.426291319035178, "0.0": 2.2691853142129728, "-0.1": 2.104982167992544, "-0.2": 1.932307699120554, "-0.3": 1.749339162933206, "-0.4": 1.5536238493280832, "-0.5": 1.34187327905057, "-0.6": 1.109960313758399, "-0.7": 0.8541630993606272, "-0.8": 0.5762735442012712, "-0.9": 0.2885386111960936, "-1.0": 0.03198372863548067}